{"frame":
    [
        {"name":"toolbar",
         "size":[512, 128],
         "pos":[0,-52],
         "parent":"top_left",
         "header":0,
         "scroll":0,
         "icon": [
                  {"cmd":"app.gui.show_hide('load_frame', ['cam_frame','py_frame', 'save_frame', 'model_frame','robot_frame', 'list_frame'])", "pos":[12, 54], "img":"gui/icon_load.png"},
                  {"cmd":"app.gui.show_hide('save_frame', ['cam_frame','py_frame', 'load_frame', 'model_frame','robot_frame', 'list_frame'])", "pos":[12, 88], "img":"gui/icon_save.png"},

                  {"cmd":"app.gui.show_hide('model_frame', ['cam_frame','py_frame', 'load_frame', 'save_frame','robot_frame', 'list_frame'])", "pos":[56, 54], "img":"gui/icon_add.png"},
                  {"cmd":"app.gui.show_hide('robot_frame', ['cam_frame','py_frame', 'load_frame', 'model_frame','save_frame', 'list_frame'])", "pos":[56, 88], "img":"gui/icon_add_robo.png"},

                  {"cmd":"app.gui.show_hide('list_frame', ['cam_frame','py_frame', 'load_frame', 'model_frame','save_frame', 'robot_frame'])", "pos":[100, 54], "img":"gui/icon_list.png", "name":"list_icon"},
                  {"cmd":"app.set_select_mode()", "pos":[134, 54], "img":"gui/icon_props.png", "name":"select_icon"},

                  {"cmd":"app.set_coords_local(False)", "pos":[100, 88], "img":"gui/icon_global.png", "name":"global_icon"},
                  {"cmd":"app.set_coords_local(True)", "pos":[134, 88], "img":"gui/icon_local.png", "name":"local_icon"},

                  {"cmd":"app.set_move_mode()", "pos":[168, 54], "img":"gui/icon_move.png", "name":"move_icon"},
                  {"cmd":"app.toggle_axis('x')", "pos":[168, 88], "img":"gui/icon_x.png", "name":"x_icon"},
                  {"cmd":"app.set_rotate_mode()", "pos":[202, 54], "img":"gui/icon_rotate.png", "name":"hpr_icon"},
                  {"cmd":"app.toggle_axis('y')", "pos":[202, 88], "img":"gui/icon_y.png", "name":"y_icon"},
                  {"cmd":"app.set_scale_mode()", "pos":[236, 54], "img":"gui/icon_resize.png", "name":"scale_icon"},
                  {"cmd":"app.toggle_axis('z')", "pos":[236, 88], "img":"gui/icon_z.png", "name":"z_icon"},

                  {"cmd":"app.playback()", "pos":[280, 88], "img":"gui/icon_play.png"},
                  {"cmd":"app.keyframe_playback()", "pos":[280, 54], "img":"gui/icon_play_key.png"},
                  {"cmd":"app.record()", "pos":[314, 88], "img":"gui/icon_rec.png", "name":"record_icon"},
                  {"cmd":"app.set_keyframe()", "pos":[314, 54], "img":"gui/icon_rec_key.png"},
                  {"cmd":"app.clear_recording()", "pos":[348, 88], "img":"gui/icon_del.png"},
                  {"cmd":"app.del_last_keyframe()", "pos":[348, 54], "img":"gui/icon_del_key.png"},
                  {"cmd":"app.set_keyframe_sync()","name":"sync_icon", "pos":[382, 54], "img":"gui/icon_time_key.png"},
                  {"cmd":"app.show_graph()", "pos":[382, 88], "img":"gui/icon_graph.png"},

                  {"cmd":"app.gui.show_hide('py_frame', ['robot_frame', 'load_frame', 'model_frame','save_frame'])", "pos":[426, 54], "img":"gui/icon_python.png"},
                  {"cmd":"app.gui.toggle(['help', 'help_txt'])", "pos":[460, 54], "img":"gui/icon_help.png"},

                  {"cmd":"app.open_www()", "pos":[460, 88], "img":"gui/icon_www.png"}
                 ]
        },
        {"name":"save_frame",
         "size":[448, 192],
         "pos":[0,72],
         "parent":"top_left",
         "header":64,
         "scroll":0,
         "text":[
                {"txt":"Save Scene", "pos":[0,8]},
                {"txt":"File path:", "pos":[0,70], "big_font":0}
                ],
         "input":[{"txt":"scenes/default_1.zip", "width":416, "pos":[16,96], "name":"save_path_input"}],
         "button":  [
                    {"txt":"Cancel","cmd":"app.gui.show_hide('', 'save_frame')", "width":128, "pos":[64,150]},
                    {"txt":"Save","cmd":"app.save_to_zip()", "width":128, "pos":[256,150]}
                    ],
         "bar":[ {"width":416, "color":[0.0, 1.0, 0.0, 1.0], "pos":[16,120],"name":"save_progress_bar", "hidden":1}]
        },
        {"name":"load_frame",
         "size":[448, "win_y-72"],
         "pos":[0,72],
         "parent":"top_left",
         "header":64,
         "scroll":1024,
         "autoresize":1,
         "text":[
                {"txt":"Load Scene", "pos":[0,8]}
                ],
         "button":  [
                    {"txt":"Cancel","cmd":"app.gui.show_hide('', 'load_frame')", "width":128, "pos":[160,70]}
                    ]
        },
        {"name":"model_frame",
         "size":[448, "win_y-72"],
         "pos":[0,72],
         "parent":"top_left",
         "header":64,
         "scroll":1024,
         "autoresize":1,
         "text":[
                {"txt":"Import Object", "pos":[0,8]}
                ],
          "button":  [
                    {"txt":"Name","cmd":"app.gui.sort_buttons('model_frame_canvas', 'name')", "width":288, "pos":[16,80], "style":"_tick"},
                    {"txt":"Type","cmd":"app.gui.sort_buttons('model_frame_canvas', 'type')", "width":96, "pos":[304,80], "style":"_tick"}
                    ],
         "icon":[
                  {"cmd":"app.gui.show_hide('', 'model_frame')", "pos":[406, 8], "img":"gui/icon_close.png"}
                ]

        },
        {"name":"robot_frame",
         "size":[448, "win_y-72"],
         "pos":[0,72],
         "parent":"top_left",
         "header":64,
         "scroll":1024,
         "autoresize":1,
         "text":[
                {"txt":"Load Robot", "pos":[0,8]}
                ],
          "icon":[
                  {"cmd":"app.gui.show_hide('', 'robot_frame')", "pos":[406, 8], "img":"gui/icon_close.png"}
                ]
        },
        {"name":"py_frame",
         "size":[448, "win_y-72"],
         "pos":[0,72],
         "parent":"top_left",
         "header":64,
         "scroll":1024,
         "autoresize":1,
         "text":[
                {"txt":"Run Python Script", "pos":[0,8]}
                ],
         "icon":[
                  {"cmd":"app.gui.show_hide('', 'py_frame')", "pos":[406, 8], "img":"gui/icon_close.png"}
                ]
        },
        {"name":"cam_frame",
         "size":[576, 320],
         "pos":[0,72],
         "parent":"top_left",
         "header":0,
         "scroll":0,
         "autoresize":0,
         "text":[
                {"txt":"Camera feed:", "pos":[0,10], "big_font":0}
                ],
         "icon":[
                  {"cmd":"app.hide_cam_feed()", "pos":[534, 8], "img":"gui/icon_close.png"}
                ]
        },
        {"name":"list_frame",
         "size":[448, "win_y-72"],
         "pos":[0,72],
         "parent":"top_left",
         "header":64,
         "scroll":1024,
         "autoresize":1,
         "text":[
                {"txt":"Select Object", "pos":[0,8]}
                ],
         "button":  [
                    {"txt":"Name","cmd":"app.gui.sort_buttons('list_frame_canvas', 'name')", "width":256, "pos":[16,80], "style":"_tick"},
                    {"txt":"Type","cmd":"app.gui.sort_buttons('list_frame_canvas', 'type')", "width":64, "pos":[272,80], "style":"_tick"},
                    {"txt":"ID","cmd":"app.gui.sort_buttons('list_frame_canvas', 'id')", "width":64, "pos":[336,80], "style":"_tick"}
                    ],
         "icon":[
                  {"cmd":"app.gui.show_hide('', 'list_frame')", "pos":[406, 8], "img":"gui/icon_close.png"}
                ]
        },
        {"name":"prop_frame",
         "size":[256, "win_y"],
         "pos":[-256,0],
         "parent":"top_right",
         "header":0,
         "scroll":0,
         "autoresize":1,
         "text":[
                    {"txt":"Position(X,Y,Z):\n\n\nRotation(H,P,R):\n\n\nScale(sX,sY,sZ):", "pos":[10,34], "big_font":0, "align":"left"}
                ],
         "input":[
                    {"txt":"0.00, 0.00, 0.00", "width":256, "pos":[0,55], "name":"pos_input", "cmd":"app.apply_input(txt, ['x','y','z'])"},
                    {"txt":"0.00, 0.00, 0.00", "width":256, "pos":[0,109], "name":"hpr_input", "cmd":"app.apply_input(txt, ['h','p','r'])"},
                    {"txt":"0.00, 0.00, 0.00", "width":256, "pos":[0,163], "name":"scale_input", "cmd":"app.apply_input(txt, ['sx','sy','sz'])"}
                ],
         "icon":[
                  {"cmd":"app.toggle_visibility()", "pos":[16, 8], "img":"gui/icon_eye.png"},
                  {"cmd":"app.center_camera()", "pos":[50, 8], "img":"gui/icon_cam_align.png"},
                  {"cmd":"app.delete_object()", "pos":[82, 8], "img":"gui/icon_del.png"},
                  {"cmd":"app.gui.show_hide('', 'prop_frame')", "pos":[216, 8], "img":"gui/icon_close.png"}
                ]

        },
        {"name":"robo_props_frame",
         "size":[256, "win_y-192"],
         "pos":[0,192],
         "parent":"prop_frame",
         "header":0,
         "scroll":288,
         "autoresize":1,
         "text":[
                {"txt":"ROBOT PROPERTIES:", "pos":[-8,8], "big_font":0}
                ]
        },
        {"name":"obj_props_frame",
         "size":[256, "win_y-192"],
         "pos":[0,192],
         "parent":"prop_frame",
         "header":0,
         "scroll":128,
         "autoresize":1,
         "text":[
                {"txt":"OBJECT PROPERTIES:", "pos":[-8,8], "big_font":0},
                {"txt":"Mass:\n\n\nFriction:\n\n\nRestitution:", "pos":[24,0], "big_font":0, "align":"left", "parent":"obj_props_frame_canvas"}
                ],
        "input":[
                {"txt":"0", "parent":"obj_props_frame_canvas","width":192, "pos":[16,24], "name":"mass_input", "cmd":"app.apply_input(txt, ['mass'])"},
                {"txt":"0", "parent":"obj_props_frame_canvas","width":192, "pos":[16,78], "name":"friction_input", "cmd":"app.apply_input(txt, ['friction'])"},
                {"txt":"0", "parent":"obj_props_frame_canvas","width":192, "pos":[16,132], "name":"restitution_input", "cmd":"app.apply_input(txt, ['restitution'])"}
                ]
        },
        {"name":"light_props_frame",
         "size":[256, "win_y-192"],
         "pos":[0,192],
         "parent":"prop_frame",
         "header":0,
         "scroll":128,
         "autoresize":1,
         "text":[
                {"txt":"LIGHT PROPERTIES:", "pos":[-8,8], "big_font":0},
                {"txt":"Color:\n\n\nAttenuation:\n\n\nField of view:\n\n\nShadow size:\n\n\nShadow near-far:\n\n\nExponent:", "pos":[24,0], "big_font":0, "align":"left", "parent":"light_props_frame_canvas"}
                ],
        "input":[
                {"txt":"0", "parent":"light_props_frame_canvas","width":192, "pos":[16,24], "name":"color_input", "cmd":"app.apply_input(txt, ['R','G','B'])"},
                {"txt":"0", "parent":"light_props_frame_canvas","width":192, "pos":[16,78], "name":"att_input", "cmd":"app.apply_input(txt, ['att0', 'att1', 'att2'])"},
                {"txt":"0", "parent":"light_props_frame_canvas","width":192, "pos":[16,132], "name":"fov_input", "cmd":"app.apply_input(txt, ['fov'])"},
                {"txt":"0", "parent":"light_props_frame_canvas","width":192, "pos":[16,186], "name":"shadow_input", "cmd":"app.apply_input(txt, ['shadow'])"},
                {"txt":"0", "parent":"light_props_frame_canvas","width":192, "pos":[16,240], "name":"near_far_input", "cmd":"app.apply_input(txt, ['near','far'])"},
                {"txt":"0", "parent":"light_props_frame_canvas","width":192, "pos":[16,294], "name":"exponent_input", "cmd":"app.apply_input(txt, ['exp'])"}
                ]
        },
        {"name":"graph_frame",
         "size":["win_x-256", 320],
         "pos":[0,-336],
         "parent":"bottom_left",
         "header":0,
         "scroll":0,
         "autoresize":1,
         "input":[
                {"txt":"0.00", "width":96, "pos":[526, 269], "name":"graph_value_input", "cmd":"app.apply_input(txt, ['g_value'])"},
                {"txt":"0.00", "width":96, "pos":[666, 269], "name":"graph_time_input", "cmd":"app.apply_input(txt, ['g_time'])"}
                ],
         "text":[
                {"txt":"Value:          Time:", "pos":[472, 271], "big_font":0, "align":"left", "name":"graph_txt"}
                ],
         "icon":[
                  {"cmd":"app.gui.show_hide('', 'graph_frame')", "pos":[190, 6], "img":"gui/icon_close.png"},
                  {"cmd":"app.graph.scroll((0,17))", "pos":[190, 54], "img":"gui/icon_arrow_up.png"},
                  {"cmd":"app.graph.scroll((-17,0))", "pos":[190, 86], "img":"gui/icon_arrow_right.png"},
                  {"cmd":"app.graph.scroll((17,0))", "pos":[190, 118], "img":"gui/icon_arrow_left.png"},
                  {"cmd":"app.graph.scroll((0,-17))", "pos":[190, 150], "img":"gui/icon_arrow_down.png"},
                  {"cmd":"app.graph.set_zoom(0.125)", "pos":[190, 182], "img":"gui/icon_zoom_in.png"},
                  {"cmd":"app.graph.set_zoom(-0.125)", "pos":[190, 214], "img":"gui/icon_zoom_out.png"},
                  {"cmd":"app.graph.set_blend('noBlend')", "pos":[224, 268], "img":"gui/icon_noblend.png"},
                  {"cmd":"app.graph.set_blend('easeIn')", "pos":[258, 268], "img":"gui/icon_easein.png"},
                  {"cmd":"app.graph.set_blend('easeOut')", "pos":[292, 268], "img":"gui/icon_easeout.png"},
                  {"cmd":"app.graph.set_blend('easeInOut')", "pos":[326, 268], "img":"gui/icon_easeinout.png"},
                  {"cmd":"app.graph.set_delta_time_mode()", "pos":[360, 268], "img":"gui/icon_time_delta.png", "name":"graph_time_delta"},
                  {"cmd":"app.graph.del_frame()", "pos":[394, 268], "img":"gui/icon_del.png"},
                  {"cmd":"app.graph.add_frame()", "pos":[428, 268], "img":"gui/icon_plus.png"}
                ]
        },
        {"name":"graph_list_frame",
         "size":[192, 320],
         "pos":[0,0],
         "parent":"graph_frame",
         "header":0,
         "scroll":256,
         "autoresize":0,
         "text":[
                {"txt":"Robot parts:", "pos":[-8,8], "big_font":0}
            ]
        }
    ],
"button":{},
"icon": {},
"slider":{},
"input":{},
"bar":  {},
"text": {
        "help_txt":{"color":[1,1,1,1],"align":"left", "big_font":0, "parent":"top_left", "pos":[700,220], "txt":"\\1shadow\\1           \\1red\\1KEYBOARD CONTROLS:\\2\n{pan:^14} -Pan camera (hold and move mouse)\n{rotate:^14} -Rotate camera (hold and move mouse)\n{zoom_in:^14} -Zoom camera in\n{zoom_out:^14} -Zoom camera out\n{forward:^14} -Move camera forward\n{left:^14} -Move camera left\n{back:^14} -Move camera back\n{right:^14} -Move camera right\n{robot_left:^14} -Rotate/move part left\n{robot_right:^14} -Rotate/move part right\n{speed_up:^14} -Increase rotation/movement speed\n{speed_down:^14} -Decrease rotation/movement speed\n{grab:^14} -Grab\n{reset:^14} -Reset robot pose\n{record:^14} -Start/pause recording\n{help_key:^14} -Show/hide this help screen\\2"},
        "on_screen_txt":{"color":[1,1,1,1],"align":"left", "big_font":0, "parent":"bottom_left", "pos":[4,-28], "txt":"String is None"}
        },
"img": {"help":{"texture":"gui/help_screen.png", "parent":"top_left", "pos":[0,0]}}
}
