{"keyframes": [{"part_7b": [0.0, 0.0, "noBlend"], "part_7a": [0.0, 0.0, "noBlend"], "part_6": [[0, 0, 0], 0.0, "noBlend"], "part_5": [[0, 0, 0], 0.0, "noBlend"], "part_4": [[0, 0, 0], 0.0, "noBlend"], "part_3": [[0, 0, 0], 0.0, "noBlend"], "part_2": [[0, 0, 0], 0.0, "noBlend"], "part_2a": [[0, 0, 0], 0.0, "noBlend"], "part_1": [[0, 0, 0], 0.0, "noBlend"], "part_0": [[0, 0, 0], 0.0, "noBlend"]}, {"part_2a": [[0.0, -61.213, 0.0], 3.0606672286987306, "noBlend"], "part_1": [[36.836, 0.0, 0.0], 1.8418092727661133, "noBlend"]}, {"part_5": [[0.0, 40.647, 0.0], 2.032354736328125, "noBlend"], "part_2": [[0.0, -43.943, 0.0], 2.1971635818481445, "noBlend"], "part_1": [[35.411, 0.0, 0.0], 0.07124176025390624, "noBlend"]}, {"part_5": [[0.0, 47.237, 0.0], 0.329496955871582, "noBlend"], "part_3": [[0.0, 3.681, 0.0], 0.18406280279159545, "noBlend"], "part_2": [[0.0, -55.115, 0.0], 0.5585851669311523, "noBlend"]}, {"part_7b": [0.6, 2.200336743056774, "noBlend"], "part_7a": [0.6, 2.156669466197491, "noBlend"]}, {"part_5": [[0.0, -6.142, 0.0], 2.668939971923828, "noBlend"], "part_3": [[0.0, 19.463, 0.0], 0.7891102790832519, "noBlend"], "part_2": [[0.0, -13.819, 0.0], 2.0647796630859374, "noBlend"]}, {"part_1": [[-51.649, 0.0, 0.0], 4.353014373779297, "noBlend"]}, {"part_3": [[0.0, 39.815, 0.0], 1.017589282989502, "noBlend"], "part_2": [[0.0, -36.221, 0.0], 1.1201147079467773, "noBlend"]}, {"part_7b": [-0.0, 2.200336743056774, "noBlend"], "part_7a": [-0.0, 2.156669466197491, "noBlend"]}, {"part_5": [[0.0, 0.0, 0.0], 0.3071000099182129, "noBlend"], "part_3": [[0.0, 0.0, 0.0], 1.9907499313354493, "noBlend"], "part_2": [[0.0, 0.0, 0.0], 1.811050033569336, "noBlend"], "part_2a": [[0.0, 0.0, 0.0], 3.0606500625610353, "noBlend"], "part_1": [[0.0, 0.0, 0.0], 2.5824499130249023, "noBlend"]}]}